datetime,solar_rad,wind_avg,wind_dir,wind_max,air_temp,humidity,dew_point,wet_bulb,precip
2026-09-07 00:00,0.0,4.0,40,12.0,45.0,99,45.0,45.0,0.0
2026-09-07 01:00,0.0,4.0,47,8.0,45.0,99,45.0,45.0,0.0
2026-09-07 02:00,0.0,4.0,49,10.0,45.0,99,45.0,45.0,0.0
2026-09-07 03:00,0.0,5.0,51,9.0,44.0,99,44.0,44.0,0.0
2026-09-07 04:00,0.0,7.0,51,11.0,44.0,98,43.0,44.0,0.0
2026-09-07 05:00,0.0,5.0,56,9.0,44.0,93,42.0,43.0,0.0
2026-09-07 06:00,0.4,4.0,66,6.0,43.0,97,42.0,43.0,0.0
2026-09-07 07:00,10.2,2.0,78,7.0,50.0,86,46.0,48.0,0.0
2026-09-07 08:00,28.5,1.0,70,6.0,55.0,76,48.0,51.0,0.0
2026-09-07 09:00,40.6,1.0,73,8.0,57.0,69,47.0,51.0,0.0
2026-09-07 10:00,53.6,3.0,79,9.0,58.0,61,45.0,50.0,0.0
2026-09-07 11:00,64.7,2.0,148,8.0,59.0,66,48.0,52.0,0.0
2026-09-07 12:00,71.0,2.0,144,7.0,62.0,67,51.0,55.0,0.0
2026-09-07 13:00,72.3,4.0,26,8.0,59.0,71,50.0,53.0,0.0
2026-09-07 14:00,68.7,2.0,356,8.0,63.0,59,48.0,54.0,0.0
2026-09-07 15:00,60.6,1.0,286,5.0,66.0,51,47.0,55.0,0.0
2026-09-07 16:00,48.0,1.0,277,6.0,66.0,48,46.0,54.0,0.0
2026-09-07 17:00,28.6,1.0,253,4.0,65.0,46,44.0,53.0,0.0
2026-09-07 18:00,4.7,2.0,261,6.0,57.0,59,43.0,49.0,0.0
2026-09-07 19:00,0.9,2.0,20,9.0,52.0,72,43.0,47.0,0.0
2026-09-07 20:00,0.0,2.0,355,8.0,51.0,80,45.0,48.0,0.0
2026-09-07 21:00,0.0,4.0,48,9.0,50.0,85,46.0,48.0,0.0
2026-09-07 22:00,0.0,7.0,33,11.0,51.0,79,45.0,47.0,0.0
2026-09-07 23:00,0.0,8.0,45,12.0,51.0,81,45.0,48.0,0.0
2026-09-08 00:00,0.0,8.0,49,13.0,52.0,77,45.0,48.0,0.0
2026-09-08 01:00,0.0,9.0,41,14.0,52.0,82,47.0,49.0,0.0
2026-09-08 02:00,0.0,7.0,45,15.0,52.0,83,47.0,49.0,0.0
2026-09-08 03:00,0.0,6.0,55,11.0,54.0,78,47.0,50.0,0.0
2026-09-08 04:00,0.0,7.0,55,13.0,53.0,80,47.0,49.0,0.0
2026-09-08 05:00,0.0,6.0,51,14.0,54.0,71,45.0,49.0,0.0
2026-09-08 06:00,0.5,5.0,56,12.0,54.0,74,46.0,49.0,0.0
2026-09-08 07:00,7.1,4.0,59,10.0,57.0,70,47.0,51.0,0.0
2026-09-08 08:00,20.9,3.0,75,10.0,61.0,66,50.0,54.0,0.0
2026-09-08 09:00,36.3,2.0,80,10.0,66.0,54,49.0,55.0,0.0
2026-09-08 10:00,50.3,3.0,99,8.0,68.0,43,45.0,54.0,0.0
2026-09-08 11:00,60.8,3.0,139,6.0,70.0,45,48.0,56.0,0.0
2026-09-08 12:00,69.7,2.0,128,6.0,71.0,47,50.0,58.0,0.0
2026-09-08 13:00,75.1,3.0,31,7.0,70.0,51,51.0,58.0,0.0
2026-09-08 14:00,69.1,3.0,36,8.0,70.0,44,47.0,56.0,0.0
2026-09-08 15:00,60.2,3.0,34,8.0,71.0,41,46.0,56.0,0.0
2026-09-08 16:00,47.5,2.0,13,8.0,71.0,42,47.0,56.0,0.0
2026-09-08 17:00,27.5,3.0,36,8.0,69.0,46,47.0,56.0,0.0
2026-09-08 18:00,4.1,5.0,37,9.0,63.0,54,46.0,53.0,0.0
2026-09-08 19:00,0.6,9.0,35,13.0,60.0,57,45.0,51.0,0.0
2026-09-08 20:00,0.0,9.0,39,13.0,59.0,63,46.0,52.0,0.0
2026-09-08 21:00,0.0,8.0,42,13.0,61.0,59,47.0,52.0,0.0
2026-09-08 22:00,0.0,6.0,47,12.0,62.0,57,47.0,53.0,0.0
2026-09-08 23:00,0.0,4.0,46,11.0,65.0,47,44.0,53.0,0.0
2026-09-09 00:00,0.0,5.0,56,8.0,64.0,54,47.0,54.0,0.0
2026-09-09 01:00,0.0,5.0,83,8.0,64.0,55,48.0,54.0,0.0
2026-09-09 02:00,0.0,5.0,90,8.0,64.0,54,47.0,54.0,0.0
2026-09-09 03:00,0.0,4.0,133,7.0,67.0,39,41.0,52.0,0.0
2026-09-09 04:00,0.0,2.0,145,4.0,67.0,36,39.0,51.0,0.0
2026-09-09 05:00,0.0,3.0,114,5.0,68.0,35,39.0,52.0,0.0
2026-09-09 06:00,0.3,4.0,82,4.0,67.0,38,41.0,52.0,0.0
2026-09-09 07:00,6.9,3.0,89,5.0,72.0,36,44.0,55.0,0.0
2026-09-09 08:00,24.2,2.0,122,7.0,74.0,33,43.0,56.0,0.0
2026-09-09 09:00,40.6,2.0,142,6.0,79.0,28,43.0,57.0,0.0
2026-09-09 10:00,54.9,1.0,191,6.0,79.0,34,48.0,60.0,0.0
2026-09-09 11:00,65.4,3.0,170,8.0,80.0,28,44.0,58.0,0.0
2026-09-09 12:00,71.6,3.0,200,10.0,82.0,26,44.0,59.0,0.0
2026-09-09 13:00,72.7,1.0,9,7.0,83.0,35,53.0,63.0,0.0
2026-09-09 14:00,68.5,1.0,317,5.0,84.0,29,48.0,61.0,0.0
2026-09-09 15:00,59.9,1.0,297,5.0,86.0,24,45.0,60.0,0.0
2026-09-09 16:00,47.2,2.0,280,5.0,84.0,24,43.0,59.0,0.0
2026-09-09 17:00,26.7,2.0,262,5.0,82.0,25,43.0,58.0,0.0
2026-09-09 18:00,3.4,2.0,270,5.0,74.0,31,41.0,55.0,0.0
2026-09-09 19:00,0.6,0.0,281,3.0,69.0,37,42.0,53.0,0.0
2026-09-09 20:00,0.0,3.0,31,6.0,67.0,51,48.0,55.0,0.0
2026-09-09 21:00,0.0,4.0,27,7.0,68.0,49,48.0,56.0,0.0
2026-09-09 22:00,0.0,2.0,39,8.0,67.0,46,46.0,54.0,0.0
2026-09-09 23:00,0.0,2.0,36,5.0,69.0,47,48.0,56.0,0.0
2026-09-10 00:00,0.0,3.0,90,4.0,67.0,45,45.0,54.0,0.0
2026-09-10 01:00,0.0,3.0,80,4.0,68.0,47,47.0,55.0,0.0
2026-09-10 02:00,0.0,0.0,226,4.0,67.0,42,43.0,53.0,0.0
2026-09-10 03:00,0.0,0.0,92,3.0,68.0,46,46.0,55.0,0.0
2026-09-10 04:00,0.0,0.0,106,3.0,67.0,48,47.0,55.0,0.0
2026-09-10 05:00,0.0,0.0,55,3.0,66.0,49,46.0,54.0,0.0
2026-09-10 06:00,0.3,1.0,78,4.0,66.0,48,46.0,54.0,0.0
2026-09-10 07:00,6.8,1.0,122,5.0,70.0,40,45.0,55.0,0.0
2026-09-10 08:00,23.7,4.0,36,7.0,70.0,34,40.0,53.0,0.0
2026-09-10 09:00,40.0,3.0,14,6.0,72.0,34,42.0,54.0,0.0
2026-09-10 10:00,54.0,2.0,334,8.0,72.0,42,48.0,57.0,0.0
2026-09-10 11:00,64.2,2.0,316,6.0,73.0,40,47.0,57.0,0.0
2026-09-10 12:00,70.7,2.0,277,6.0,76.0,36,47.0,58.0,0.0
2026-09-10 13:00,71.5,2.0,310,10.0,78.0,34,47.0,59.0,0.0
2026-09-10 14:00,67.3,3.0,359,10.0,79.0,28,43.0,57.0,0.0
2026-09-10 15:00,58.6,1.0,257,8.0,80.0,31,47.0,59.0,0.0
2026-09-10 16:00,44.6,1.0,294,6.0,79.0,34,48.0,60.0,0.0
2026-09-10 17:00,24.0,3.0,269,7.0,73.0,44,50.0,58.0,0.0
2026-09-10 18:00,4.2,4.0,262,8.0,65.0,53,47.0,54.0,0.0
2026-09-10 19:00,0.5,4.0,277,10.0,60.0,64,48.0,53.0,0.0
2026-09-10 20:00,0.0,3.0,266,6.0,57.0,74,49.0,52.0,0.0
2026-09-10 21:00,0.0,3.0,285,4.0,55.0,81,49.0,52.0,0.0
2026-09-10 22:00,0.0,3.0,271,4.0,55.0,85,51.0,52.0,0.0
2026-09-10 23:00,0.0,2.0,276,5.0,54.0,88,51.0,52.0,0.0
2026-09-11 00:00,0.0,0.0,309,2.0,53.0,92,51.0,52.0,0.0
2026-09-11 01:00,0.0,0.0,357,2.0,53.0,91,50.0,51.0,0.0
2026-09-11 02:00,0.0,1.0,318,3.0,54.0,87,50.0,52.0,0.0
2026-09-11 03:00,0.0,3.0,282,4.0,52.0,92,50.0,51.0,0.0
2026-09-11 04:00,0.0,1.0,289,3.0,51.0,95,50.0,50.0,0.0
2026-09-11 05:00,0.0,1.0,336,3.0,50.0,97,49.0,50.0,0.0
2026-09-11 06:00,0.4,3.0,106,5.0,50.0,97,49.0,50.0,0.0
2026-09-11 07:00,7.6,5.0,142,7.0,54.0,90,51.0,52.0,0.0
2026-09-11 08:00,24.1,4.0,172,13.0,58.0,81,52.0,54.0,0.0
2026-09-11 09:00,38.5,5.0,184,11.0,60.0,76,52.0,55.0,0.0
2026-09-11 10:00,52.2,4.0,194,17.0,63.0,68,52.0,56.0,0.0
2026-09-11 11:00,62.4,3.0,223,11.0,64.0,65,52.0,56.0,0.0
2026-09-11 12:00,68.1,1.0,298,9.0,67.0,61,53.0,58.0,0.0
2026-09-11 13:00,68.6,3.0,277,6.0,66.0,60,52.0,57.0,0.0
2026-09-11 14:00,64.5,3.0,268,8.0,67.0,55,50.0,57.0,0.0
2026-09-11 15:00,55.6,3.0,278,10.0,67.0,53,49.0,56.0,0.0
2026-09-11 16:00,42.2,1.0,274,7.0,68.0,50,49.0,56.0,0.0
2026-09-11 17:00,21.8,1.0,289,8.0,64.0,53,47.0,53.0,0.0
2026-09-11 18:00,4.5,0.0,334,7.0,56.0,65,44.0,49.0,0.0
2026-09-11 19:00,0.3,3.0,29,6.0,53.0,72,44.0,48.0,0.0
2026-09-11 20:00,0.0,3.0,23,5.0,50.0,79,44.0,46.0,0.0
2026-09-11 21:00,0.0,3.0,73,6.0,49.0,86,45.0,47.0,0.0
2026-09-11 22:00,0.0,4.0,75,5.0,48.0,88,45.0,46.0,0.0
2026-09-11 23:00,0.0,3.0,110,5.0,47.0,91,45.0,46.0,0.0
2026-09-12 00:00,0.0,3.0,101,6.0,46.0,95,45.0,45.0,0.0
2026-09-12 01:00,0.0,1.0,261,6.0,45.0,96,44.0,44.0,0.0
2026-09-12 02:00,0.0,4.0,276,6.0,44.0,96,43.0,43.0,0.0
2026-09-12 03:00,0.0,4.0,276,6.0,43.0,96,42.0,42.0,0.0
2026-09-12 04:00,0.0,2.0,280,8.0,41.0,97,40.0,41.0,0.0
2026-09-12 05:00,0.0,3.0,285,4.0,40.0,96,39.0,39.0,0.0
2026-09-12 06:00,0.3,2.0,297,4.0,40.0,93,38.0,39.0,0.0
2026-09-12 07:00,6.5,1.0,239,4.0,44.0,86,40.0,42.0,0.0
2026-09-12 08:00,15.7,2.0,241,5.0,45.0,83,40.0,42.0,0.0
2026-09-12 09:00,20.9,3.0,237,8.0,48.0,77,41.0,44.0,0.0
2026-09-12 10:00,35.8,3.0,258,10.0,50.0,70,41.0,45.0,0.0
2026-09-12 11:00,29.8,3.0,257,9.0,50.0,71,41.0,45.0,0.0
2026-09-12 12:00,22.4,4.0,257,9.0,51.0,72,42.0,46.0,0.0
2026-09-12 13:00,29.0,2.0,259,10.0,53.0,68,43.0,47.0,0.0
2026-09-12 14:00,43.5,3.0,248,12.0,59.0,58,44.0,50.0,0.0
2026-09-12 15:00,30.4,2.0,239,11.0,56.0,59,42.0,48.0,0.0
2026-09-12 16:00,13.6,3.0,199,9.0,51.0,69,41.0,46.0,0.0
2026-09-12 17:00,8.3,9.0,217,19.0,47.0,84,42.0,44.0,0.0
2026-09-12 18:00,3.0,6.0,223,21.0,45.0,80,39.0,42.0,0.0
2026-09-12 19:00,0.2,6.0,197,16.0,45.0,80,39.0,42.0,0.0
2026-09-12 20:00,0.0,8.0,190,19.0,44.0,80,38.0,41.0,0.0
2026-09-12 21:00,0.0,7.0,197,22.0,44.0,84,39.0,42.0,0.0
2026-09-12 22:00,0.0,8.0,185,14.0,43.0,94,41.0,42.0,0.01
2026-09-12 23:00,0.0,9.0,196,19.0,42.0,97,41.0,42.0,0.03
2026-09-13 00:00,0.0,10.0,196,19.0,42.0,98,41.0,42.0,0.01
2026-09-13 01:00,0.0,9.0,202,18.0,42.0,98,41.0,42.0,0.01
2026-09-13 02:00,0.0,8.0,208,19.0,43.0,98,42.0,43.0,0.0
2026-09-13 03:00,0.0,8.0,208,19.0,43.0,98,42.0,43.0,0.01
2026-09-13 04:00,0.0,4.0,215,14.0,43.0,99,43.0,43.0,0.01
2026-09-13 05:00,0.0,4.0,214,12.0,43.0,99,43.0,43.0,0.01
2026-09-13 06:00,0.3,6.0,197,13.0,43.0,99,43.0,43.0,0.0
2026-09-13 07:00,3.3,6.0,193,15.0,43.0,99,43.0,43.0,0.0
2026-09-13 08:00,7.0,4.0,224,12.0,44.0,99,44.0,44.0,0.0
2026-09-13 09:00,14.4,5.0,237,13.0,47.0,99,47.0,47.0,0.01
2026-09-13 10:00,29.0,3.0,226,10.0,49.0,95,48.0,48.0,0.0
2026-09-13 11:00,23.7,2.0,250,13.0,49.0,94,47.0,48.0,0.0
2026-09-13 12:00,37.6,3.0,266,8.0,53.0,87,49.0,51.0,0.0
2026-09-13 13:00,44.1,2.0,286,8.0,51.0,87,47.0,49.0,0.0
2026-09-13 14:00,29.4,3.0,274,8.0,54.0,85,50.0,51.0,0.0
2026-09-13 15:00,26.1,4.0,266,7.0,51.0,85,47.0,48.0,0.0
2026-09-13 16:00,19.0,4.0,263,10.0,50.0,86,46.0,48.0,0.0
2026-09-13 17:00,16.4,2.0,274,8.0,51.0,83,46.0,48.0,0.0
2026-09-13 18:00,4.0,0.0,271,6.0,48.0,94,46.0,47.0,0.0
2026-09-13 19:00,0.3,0.0,26,3.0,47.0,96,46.0,46.0,0.0
2026-09-13 20:00,0.0,1.0,54,6.0,47.0,98,46.0,47.0,0.0
2026-09-13 21:00,0.0,3.0,44,8.0,47.0,98,46.0,47.0,0.0
2026-09-13 22:00,0.0,3.0,37,8.0,46.0,99,46.0,46.0,0.0
2026-09-13 23:00,0.0,5.0,51,12.0,44.0,99,44.0,44.0,0.0
2026-09-14 00:00,0.0,7.0,53,14.0,44.0,92,42.0,43.0,0.0
2026-09-14 01:00,0.0,4.0,60,13.0,43.0,96,42.0,42.0,0.0
2026-09-14 02:00,0.0,3.0,66,5.0,43.0,98,42.0,43.0,0.0
2026-09-14 03:00,0.0,2.0,64,5.0,44.0,93,42.0,43.0,0.0
2026-09-14 04:00,0.0,4.0,66,7.0,46.0,79,40.0,43.0,0.0
2026-09-14 05:00,0.0,4.0,51,7.0,46.0,79,40.0,43.0,0.0
2026-09-14 06:00,0.3,4.0,77,9.0,45.0,85,41.0,43.0,0.0
2026-09-14 07:00,6.9,3.0,64,7.0,51.0,77,44.0,47.0,0.0
2026-09-14 08:00,24.0,3.0,85,7.0,54.0,72,45.0,49.0,0.0
2026-09-14 09:00,38.3,4.0,96,8.0,56.0,69,46.0,50.0,0.0
2026-09-14 10:00,52.4,3.0,94,8.0,60.0,56,44.0,51.0,0.0
2026-09-14 11:00,63.0,2.0,101,9.0,60.0,60,46.0,52.0,0.0
2026-09-14 12:00,69.0,2.0,87,9.0,61.0,62,48.0,53.0,0.0
2026-09-14 13:00,70.3,3.0,34,8.0,62.0,62,49.0,54.0,0.0
2026-09-14 14:00,66.5,4.0,46,8.0,62.0,53,45.0,52.0,0.0
2026-09-14 15:00,57.9,2.0,325,7.0,64.0,49,44.0,52.0,0.0
2026-09-14 16:00,45.2,1.0,258,5.0,64.0,48,44.0,52.0,0.0
2026-09-14 17:00,22.4,2.0,257,5.0,61.0,52,43.0,51.0,0.0
2026-09-14 18:00,1.9,1.0,313,6.0,53.0,65,42.0,47.0,0.0
2026-09-14 19:00,0.3,1.0,318,5.0,50.0,73,42.0,45.0,0.0
2026-09-14 20:00,0.0,4.0,30,9.0,49.0,82,44.0,46.0,0.0
2026-09-14 21:00,0.0,8.0,36,12.0,48.0,88,45.0,46.0,0.0
2026-09-14 22:00,0.0,7.0,47,12.0,50.0,84,45.0,47.0,0.0
2026-09-14 23:00,0.0,6.0,43,13.0,50.0,82,45.0,47.0,0.0
2026-09-15 00:00,0.0,8.0,38,11.0,50.0,75,42.0,46.0,0.0
2026-09-15 01:00,0.0,5.0,39,11.0,50.0,80,44.0,47.0,0.0
2026-09-15 02:00,0.0,6.0,43,11.0,51.0,85,47.0,48.0,0.0
2026-09-15 03:00,0.0,7.0,43,11.0,51.0,83,46.0,48.0,0.0
2026-09-15 04:00,0.0,6.0,42,12.0,51.0,83,46.0,48.0,0.0
2026-09-15 05:00,0.0,5.0,26,12.0,49.0,90,46.0,47.0,0.0
2026-09-15 06:00,0.3,4.0,17,11.0,47.0,95,46.0,46.0,0.0
2026-09-15 07:00,5.7,4.0,18,6.0,49.0,92,47.0,48.0,0.0
2026-09-15 08:00,22.6,5.0,31,10.0,53.0,81,47.0,50.0,0.0
2026-09-15 09:00,37.2,4.0,37,10.0,55.0,75,47.0,50.0,0.0
2026-09-15 10:00,51.0,4.0,27,12.0,60.0,41,36.0,47.0,0.0
2026-09-15 11:00,61.0,3.0,265,9.0,58.0,66,47.0,51.0,0.0
2026-09-15 12:00,68.3,1.0,291,8.0,62.0,57,47.0,53.0,0.0
2026-09-15 13:00,61.2,2.0,279,6.0,61.0,56,45.0,52.0,0.0
2026-09-15 14:00,52.2,1.0,283,8.0,62.0,54,45.0,52.0,0.0
2026-09-15 15:00,32.9,1.0,332,9.0,59.0,61,46.0,51.0,0.0
2026-09-15 16:00,17.5,0.0,298,7.0,57.0,68,47.0,51.0,0.0
2026-09-15 17:00,14.0,2.0,11,5.0,52.0,75,44.0,48.0,0.0
2026-09-15 18:00,4.9,1.0,11,6.0,52.0,81,46.0,49.0,0.0
2026-09-15 19:00,0.3,1.0,269,5.0,48.0,93,46.0,47.0,0.0
2026-09-15 20:00,0.0,2.0,22,7.0,47.0,95,46.0,46.0,0.0
2026-09-15 21:00,0.0,1.0,29,6.0,47.0,96,46.0,46.0,0.0
2026-09-15 22:00,0.0,1.0,259,7.0,47.0,96,46.0,46.0,0.0
2026-09-15 23:00,0.0,0.0,233,4.0,47.0,97,46.0,47.0,0.0
2026-09-16 00:00,0.0,3.0,45,8.0,46.0,98,45.0,46.0,0.0
2026-09-16 01:00,0.0,2.0,43,8.0,46.0,98,45.0,46.0,0.0
2026-09-16 02:00,0.0,0.0,273,6.0,46.0,98,45.0,46.0,0.0
2026-09-16 03:00,0.0,1.0,254,4.0,46.0,98,45.0,46.0,0.0
2026-09-16 04:00,0.0,0.0,311,5.0,45.0,99,45.0,45.0,0.0
2026-09-16 05:00,0.0,1.0,17,5.0,45.0,99,45.0,45.0,0.0
2026-09-16 06:00,0.3,4.0,53,11.0,45.0,99,45.0,45.0,0.0
2026-09-16 07:00,4.6,1.0,59,9.0,47.0,99,47.0,47.0,0.0
2026-09-16 08:00,18.7,3.0,55,10.0,49.0,95,48.0,48.0,0.0
2026-09-16 09:00,24.3,4.0,39,13.0,49.0,94,47.0,48.0,0.0
2026-09-16 10:00,45.7,2.0,30,10.0,57.0,75,49.0,52.0,0.0
2026-09-16 11:00,60.4,1.0,124,10.0,61.0,67,50.0,54.0,0.0
2026-09-16 12:00,66.1,6.0,35,10.0,61.0,63,48.0,53.0,0.0
2026-09-16 13:00,67.2,3.0,31,12.0,61.0,66,50.0,54.0,0.0
2026-09-16 14:00,63.2,1.0,355,7.0,63.0,62,50.0,55.0,0.0
2026-09-16 15:00,54.6,3.0,21,7.0,64.0,60,50.0,55.0,0.0
2026-09-16 16:00,41.1,3.0,256,11.0,63.0,62,50.0,55.0,0.0
2026-09-16 17:00,19.7,3.0,258,8.0,61.0,65,49.0,54.0,0.0
2026-09-16 18:00,2.1,1.0,264,7.0,56.0,76,49.0,52.0,0.0
2026-09-16 19:00,0.2,2.0,274,6.0,54.0,83,49.0,51.0,0.0
2026-09-16 20:00,0.0,2.0,23,11.0,55.0,78,48.0,51.0,0.0
2026-09-16 21:00,0.0,1.0,355,8.0,54.0,72,45.0,49.0,0.0
2026-09-16 22:00,0.0,6.0,52,15.0,51.0,80,45.0,48.0,0.0
2026-09-16 23:00,0.0,1.0,322,8.0,52.0,63,40.0,45.0,0.0
2026-09-17 00:00,0.0,2.0,199,7.0,55.0,55,39.0,46.0,0.0
2026-09-17 01:00,0.0,1.0,201,5.0,53.0,58,39.0,45.0,0.0
2026-09-17 02:00,0.0,1.0,11,6.0,54.0,52,37.0,45.0,0.0
2026-09-17 03:00,0.0,4.0,39,6.0,53.0,59,39.0,45.0,0.0
2026-09-17 04:00,0.0,2.0,32,5.0,53.0,61,40.0,46.0,0.0
2026-09-17 05:00,0.0,0.0,328,6.0,53.0,59,39.0,45.0,0.0
2026-09-17 06:00,0.1,2.0,9,4.0,55.0,55,39.0,46.0,0.0
2026-09-17 07:00,2.1,5.0,45,9.0,57.0,54,41.0,48.0,0.0
2026-09-17 08:00,,,,,,,,,
2026-09-17 09:00,20.9,0.0,99,6.0,62.0,48,42.0,51.0,0.0
2026-09-17 10:00,18.7,1.0,196,8.0,62.0,54,45.0,52.0,0.0
2026-09-17 11:00,27.8,3.0,85,7.0,59.0,64,47.0,52.0,0.0
2026-09-17 12:00,20.2,2.0,277,5.0,60.0,54,43.0,50.0,0.0
2026-09-17 13:00,34.1,1.0,82,4.0,64.0,53,47.0,53.0,0.0
2026-09-17 14:00,41.2,2.0,204,5.0,68.0,46,46.0,55.0,0.0
2026-09-17 15:00,53.4,1.0,270,6.0,71.0,44,48.0,57.0,0.0
2026-09-17 16:00,40.6,2.0,289,6.0,69.0,46,47.0,56.0,0.0
2026-09-17 17:00,18.3,1.0,344,5.0,68.0,47,47.0,55.0,0.0
2026-09-17 18:00,2.2,3.0,253,4.0,59.0,70,49.0,53.0,0.0
2026-09-17 19:00,0.2,1.0,245,4.0,57.0,74,49.0,52.0,0.0
2026-09-17 20:00,0.0,1.0,251,3.0,56.0,79,50.0,52.0,0.0
2026-09-17 21:00,0.0,0.0,340,3.0,54.0,78,47.0,50.0,0.0
2026-09-17 22:00,0.0,1.0,304,4.0,54.0,76,47.0,50.0,0.0
2026-09-17 23:00,0.0,0.0,290,2.0,54.0,76,47.0,50.0,0.0
2026-09-18 00:00,0.0,1.0,227,2.0,55.0,68,45.0,49.0,0.0
2026-09-18 01:00,0.0,0.0,254,2.0,55.0,76,48.0,51.0,0.0
2026-09-18 02:00,0.0,2.0,213,3.0,54.0,76,47.0,50.0,0.0
2026-09-18 03:00,0.0,2.0,187,5.0,54.0,73,46.0,49.0,0.0
2026-09-18 04:00,0.0,1.0,249,4.0,52.0,80,46.0,49.0,0.0
2026-09-18 05:00,0.0,3.0,207,4.0,53.0,83,48.0,50.0,0.0
2026-09-18 06:00,0.3,2.0,123,4.0,52.0,86,48.0,50.0,0.0
2026-09-18 07:00,3.7,2.0,203,4.0,56.0,77,49.0,52.0,0.0
2026-09-18 08:00,20.3,2.0,127,7.0,60.0,71,51.0,54.0,0.0
2026-09-18 09:00,36.3,2.0,167,5.0,61.0,69,51.0,55.0,0.0
2026-09-18 10:00,50.1,2.0,218,6.0,65.0,63,52.0,57.0,0.0
2026-09-18 11:00,60.6,3.0,205,6.0,64.0,62,51.0,56.0,0.0
2026-09-18 12:00,66.6,2.0,285,8.0,68.0,56,52.0,58.0,0.0
2026-09-18 13:00,68.0,3.0,286,7.0,68.0,56,52.0,58.0,0.0
2026-09-18 14:00,64.4,3.0,284,6.0,68.0,51,49.0,56.0,0.0
2026-09-18 15:00,55.8,3.0,265,7.0,69.0,52,51.0,57.0,0.0
2026-09-18 16:00,42.6,2.0,280,5.0,67.0,52,49.0,56.0,0.0
2026-09-18 17:00,19.2,2.0,256,6.0,65.0,59,50.0,56.0,0.0
2026-09-18 18:00,1.6,1.0,300,4.0,57.0,73,48.0,52.0,0.0
2026-09-18 19:00,0.1,3.0,50,7.0,54.0,80,48.0,50.0,0.0
2026-09-18 20:00,0.0,3.0,38,6.0,53.0,85,49.0,50.0,0.0
2026-09-18 21:00,0.0,8.0,33,11.0,53.0,88,50.0,51.0,0.0
2026-09-18 22:00,0.0,4.0,74,12.0,52.0,88,49.0,50.0,0.0
2026-09-18 23:00,0.0,3.0,61,7.0,53.0,77,46.0,49.0,0.0
2026-09-19 00:00,0.0,3.0,59,6.0,54.0,56,39.0,46.0,0.0
2026-09-19 01:00,0.0,3.0,56,7.0,54.0,56,39.0,46.0,0.0
2026-09-19 02:00,0.0,4.0,68,9.0,53.0,62,40.0,46.0,0.0
2026-09-19 03:00,0.0,4.0,86,9.0,56.0,54,40.0,47.0,0.0
2026-09-19 04:00,0.0,4.0,85,6.0,54.0,69,44.0,48.0,0.0
2026-09-19 05:00,0.0,4.0,119,7.0,54.0,61,41.0,47.0,0.0
2026-09-19 06:00,0.2,3.0,171,5.0,56.0,57,41.0,48.0,0.0
2026-09-19 07:00,3.5,5.0,166,9.0,58.0,58,43.0,50.0,0.0
2026-09-19 08:00,21.2,4.0,149,10.0,63.0,52,45.0,52.0,0.0
2026-09-19 09:00,37.3,3.0,152,8.0,66.0,54,49.0,55.0,0.0
2026-09-19 10:00,51.2,2.0,140,7.0,68.0,55,51.0,57.0,0.0
2026-09-19 11:00,61.7,2.0,211,6.0,70.0,49,50.0,57.0,0.0
2026-09-19 12:00,67.1,2.0,167,6.0,72.0,45,50.0,58.0,0.0
2026-09-19 13:00,68.2,1.0,344,5.0,72.0,47,51.0,58.0,0.0
2026-09-19 14:00,63.5,1.0,324,6.0,73.0,42,49.0,58.0,0.0
2026-09-19 15:00,55.5,2.0,274,7.0,72.0,44,49.0,58.0,0.0
2026-09-19 16:00,42.7,2.0,270,7.0,71.0,45,49.0,57.0,0.0
2026-09-19 17:00,19.6,2.0,280,4.0,68.0,38,41.0,53.0,0.0
2026-09-19 18:00,1.6,1.0,317,4.0,60.0,54,43.0,50.0,0.0
2026-09-19 19:00,0.1,4.0,43,8.0,57.0,69,47.0,51.0,0.0
2026-09-19 20:00,0.0,6.0,36,10.0,56.0,75,48.0,51.0,0.0
2026-09-19 21:00,0.0,7.0,43,11.0,57.0,56,41.0,48.0,0.0
2026-09-19 22:00,0.0,9.0,38,11.0,60.0,21,20.0,42.0,0.0
2026-09-19 23:00,0.0,7.0,31,11.0,61.0,18,17.0,42.0,0.0
2026-09-20 00:00,0.0,8.0,37,12.0,60.0,38,34.0,47.0,0.0
2026-09-20 01:00,0.0,6.0,44,11.0,60.0,40,36.0,47.0,0.0
2026-09-20 02:00,0.0,4.0,58,9.0,59.0,59,45.0,51.0,0.0
2026-09-20 03:00,0.0,4.0,63,8.0,59.0,61,46.0,51.0,0.0
2026-09-20 04:00,0.0,4.0,60,8.0,59.0,60,45.0,51.0,0.0
2026-09-20 05:00,0.0,4.0,58,8.0,57.0,64,45.0,50.0,0.0
2026-09-20 06:00,0.2,5.0,60,11.0,58.0,64,46.0,51.0,0.0
2026-09-20 07:00,3.2,4.0,56,11.0,63.0,56,47.0,53.0,0.0
2026-09-20 08:00,20.4,2.0,82,9.0,68.0,50,49.0,56.0,0.0
2026-09-20 09:00,36.6,3.0,89,10.0,72.0,40,46.0,56.0,0.0
2026-09-20 10:00,50.5,5.0,102,8.0,73.0,33,42.0,55.0,0.0
2026-09-20 11:00,61.1,3.0,116,8.0,76.0,34,46.0,57.0,0.0
2026-09-20 12:00,67.0,2.0,211,7.0,76.0,41,51.0,60.0,0.0
2026-09-20 13:00,67.9,1.0,324,6.0,79.0,39,52.0,61.0,0.0
2026-09-20 14:00,63.5,3.0,10,7.0,75.0,42,50.0,59.0,0.0
2026-09-20 15:00,46.5,4.0,21,8.0,73.0,45,50.0,59.0,0.0
2026-09-20 16:00,41.9,2.0,12,6.0,74.0,44,51.0,59.0,0.0
2026-09-20 17:00,19.1,3.0,4,6.0,71.0,46,49.0,57.0,0.0
2026-09-20 18:00,1.5,3.0,32,6.0,63.0,48,43.0,51.0,0.0
2026-09-20 19:00,0.1,4.0,38,7.0,61.0,62,48.0,53.0,0.0
2026-09-20 20:00,0.0,4.0,46,7.0,58.0,81,52.0,54.0,0.0
2026-09-20 21:00,0.0,6.0,44,11.0,57.0,85,53.0,54.0,0.0
2026-09-20 22:00,0.0,9.0,35,13.0,58.0,74,50.0,53.0,0.0
2026-09-20 23:00,0.0,8.0,39,11.0,60.0,67,49.0,53.0,0.0
2026-09-21 00:00,0.0,9.0,35,12.0,59.0,73,50.0,54.0,0.0
2026-09-21 01:00,0.0,7.0,25,13.0,57.0,83,52.0,54.0,0.0
2026-09-21 02:00,0.0,6.0,30,9.0,55.0,87,51.0,53.0,0.0
2026-09-21 03:00,0.0,4.0,19,9.0,53.0,93,51.0,52.0,0.0
2026-09-21 04:00,0.0,3.0,359,6.0,53.0,96,52.0,52.0,0.0
2026-09-21 05:00,0.0,2.0,303,5.0,53.0,98,52.0,53.0,0.0
2026-09-21 06:00,0.3,2.0,352,5.0,52.0,98,51.0,52.0,0.0
2026-09-21 07:00,6.5,3.0,358,8.0,54.0,98,53.0,54.0,0.0
2026-09-21 08:00,26.1,5.0,35,12.0,58.0,86,54.0,55.0,0.0
2026-09-21 09:00,42.8,5.0,44,13.0,61.0,76,53.0,56.0,0.0
2026-09-21 10:00,44.6,3.0,28,12.0,64.0,70,54.0,58.0,0.0
2026-09-21 11:00,60.0,4.0,43,9.0,68.0,57,52.0,58.0,0.0
2026-09-21 12:00,62.9,2.0,10,12.0,67.0,59,52.0,58.0,0.0
2026-09-21 13:00,66.4,2.0,280,6.0,70.0,57,54.0,60.0,0.0
2026-09-21 14:00,62.2,2.0,282,6.0,71.0,53,53.0,59.0,0.0
2026-09-21 15:00,53.6,1.0,283,4.0,71.0,55,54.0,60.0,0.0
2026-09-21 16:00,38.3,2.0,282,5.0,66.0,64,53.0,58.0,0.0
2026-09-21 17:00,16.6,1.0,278,7.0,62.0,71,52.0,56.0,0.0
2026-09-21 18:00,3.2,0.0,314,4.0,57.0,74,49.0,52.0,0.0
2026-09-21 19:00,0.1,1.0,296,7.0,53.0,77,46.0,49.0,0.0
2026-09-21 20:00,0.0,1.0,320,7.0,51.0,80,45.0,48.0,0.0
2026-09-21 21:00,0.0,1.0,338,6.0,50.0,83,45.0,47.0,0.0
2026-09-21 22:00,0.0,2.0,303,8.0,50.0,91,47.0,49.0,0.0
2026-09-21 23:00,0.0,3.0,339,6.0,50.0,93,48.0,49.0,0.0
2026-09-22 00:00,0.0,4.0,29,8.0,50.0,96,49.0,49.0,0.0
2026-09-22 01:00,0.0,2.0,291,5.0,50.0,97,49.0,50.0,0.0
2026-09-22 02:00,0.0,2.0,295,5.0,49.0,97,48.0,49.0,0.0
2026-09-22 03:00,0.0,1.0,313,6.0,49.0,98,48.0,49.0,0.0
2026-09-22 04:00,0.0,1.0,294,7.0,48.0,98,47.0,48.0,0.0
2026-09-22 05:00,0.0,3.0,5,9.0,49.0,98,48.0,49.0,0.0
2026-09-22 06:00,0.1,1.0,320,8.0,48.0,98,47.0,48.0,0.0
2026-09-22 07:00,2.0,1.0,2,6.0,48.0,98,47.0,48.0,0.0
2026-09-22 08:00,10.1,1.0,329,4.0,50.0,98,49.0,50.0,0.0
2026-09-22 09:00,18.1,0.0,294,7.0,51.0,91,48.0,49.0,0.0
2026-09-22 10:00,25.8,4.0,29,10.0,53.0,87,49.0,51.0,0.0
2026-09-22 11:00,43.4,3.0,24,11.0,56.0,81,50.0,52.0,0.0
2026-09-22 12:00,60.7,1.0,294,9.0,59.0,73,50.0,54.0,0.0
2026-09-22 13:00,58.1,2.0,291,7.0,60.0,73,51.0,55.0,0.0
2026-09-22 14:00,62.4,1.0,308,9.0,62.0,67,51.0,55.0,0.0
2026-09-22 15:00,53.3,1.0,281,6.0,63.0,63,50.0,55.0,0.0
2026-09-22 16:00,41.0,1.0,286,8.0,63.0,63,50.0,55.0,0.0
2026-09-22 17:00,17.9,0.0,231,5.0,56.0,74,48.0,51.0,0.0
2026-09-22 18:00,2.8,1.0,275,7.0,50.0,86,46.0,48.0,0.0
2026-09-22 19:00,0.1,2.0,273,5.0,48.0,93,46.0,47.0,0.0
2026-09-22 20:00,0.0,1.0,47,7.0,47.0,95,46.0,46.0,0.0
2026-09-22 21:00,0.0,3.0,30,8.0,47.0,95,46.0,46.0,0.0
2026-09-22 22:00,0.0,4.0,46,7.0,48.0,97,47.0,48.0,0.0
2026-09-22 23:00,0.0,2.0,351,8.0,48.0,98,47.0,48.0,0.0
2026-09-23 00:00,0.0,6.0,44,15.0,48.0,98,47.0,48.0,0.0
2026-09-23 01:00,0.0,8.0,44,14.0,47.0,98,46.0,47.0,0.0
2026-09-23 02:00,0.0,6.0,38,11.0,47.0,93,45.0,46.0,0.0
2026-09-23 03:00,0.0,6.0,29,9.0,48.0,92,46.0,47.0,0.0
2026-09-23 04:00,0.0,6.0,34,8.0,48.0,93,46.0,47.0,0.0
2026-09-23 05:00,0.0,5.0,32,9.0,47.0,93,45.0,46.0,0.0
2026-09-23 06:00,0.3,1.0,336,8.0,47.0,94,45.0,46.0,0.0
2026-09-23 07:00,3.2,3.0,52,7.0,47.0,94,45.0,46.0,0.0
2026-09-23 08:00,17.2,3.0,35,9.0,52.0,87,48.0,50.0,0.0
2026-09-23 09:00,37.4,3.0,40,8.0,57.0,71,48.0,51.0,0.0
2026-09-23 10:00,46.1,3.0,7,10.0,58.0,66,47.0,51.0,0.0
2026-09-23 11:00,57.6,2.0,193,6.0,61.0,64,49.0,54.0,0.0
2026-09-23 12:00,63.3,2.0,346,8.0,63.0,60,49.0,54.0,0.0
2026-09-23 13:00,64.1,2.0,281,5.0,65.0,48,45.0,53.0,0.0
2026-09-23 14:00,56.9,1.0,277,6.0,67.0,40,42.0,52.0,0.0
2026-09-23 15:00,50.4,1.0,274,7.0,69.0,42,45.0,55.0,0.0
2026-09-23 16:00,35.4,1.0,20,6.0,65.0,42,41.0,51.0,0.0
2026-09-23 17:00,16.6,4.0,40,7.0,60.0,43,37.0,48.0,0.0
2026-09-23 18:00,2.1,6.0,37,9.0,56.0,60,42.0,48.0,0.0
2026-09-23 19:00,0.0,4.0,31,9.0,54.0,72,45.0,49.0,0.0
2026-09-23 20:00,0.0,3.0,77,9.0,53.0,66,42.0,47.0,0.0
2026-09-23 21:00,0.0,3.0,65,5.0,53.0,64,41.0,46.0,0.0
2026-09-23 22:00,0.0,4.0,77,6.0,54.0,62,41.0,47.0,0.0
2026-09-23 23:00,0.0,4.0,79,6.0,54.0,62,41.0,47.0,0.0
2026-09-24 00:00,0.0,5.0,91,6.0,54.0,64,42.0,47.0,0.0
2026-09-24 01:00,0.0,4.0,147,6.0,56.0,57,41.0,48.0,0.0
2026-09-24 02:00,0.0,4.0,168,7.0,57.0,52,40.0,47.0,0.0
2026-09-24 03:00,0.0,7.0,164,10.0,56.0,51,38.0,46.0,0.0
2026-09-24 04:00,0.0,8.0,166,14.0,57.0,49,38.0,47.0,0.0
2026-09-24 05:00,0.0,8.0,166,16.0,58.0,47,38.0,47.0,0.0
2026-09-24 06:00,0.3,9.0,172,16.0,57.0,47,37.0,46.0,0.0
2026-09-24 07:00,3.4,9.0,176,18.0,59.0,45,38.0,47.0,0.0
2026-09-24 08:00,22.6,9.0,184,17.0,63.0,40,38.0,49.0,0.0
2026-09-24 09:00,24.3,10.0,192,19.0,63.0,39,38.0,49.0,0.0
2026-09-24 10:00,38.5,8.0,184,20.0,64.0,41,40.0,50.0,0.0
2026-09-24 11:00,46.7,6.0,184,14.0,64.0,42,40.0,51.0,0.0
2026-09-24 12:00,39.8,3.0,214,12.0,67.0,40,42.0,52.0,0.0
2026-09-24 13:00,37.8,3.0,208,10.0,70.0,37,43.0,54.0,0.0
2026-09-24 14:00,24.3,5.0,193,11.0,66.0,40,41.0,52.0,0.0
2026-09-24 15:00,18.2,7.0,209,18.0,67.0,41,43.0,53.0,0.0
2026-09-24 16:00,20.4,6.0,180,22.0,66.0,35,38.0,50.0,0.0
2026-09-24 17:00,8.3,7.0,192,22.0,62.0,33,33.0,47.0,0.0
2026-09-24 18:00,0.9,10.0,190,18.0,61.0,34,32.0,46.0,0.0
2026-09-24 19:00,0.0,8.0,177,23.0,59.0,36,32.0,45.0,0.0
2026-09-24 20:00,0.0,8.0,210,20.0,58.0,43,36.0,46.0,0.0
2026-09-24 21:00,0.0,12.0,216,26.0,50.0,95,49.0,49.0,0.15
2026-09-24 22:00,0.0,12.0,209,31.0,49.0,98,48.0,49.0,0.26
2026-09-24 23:00,0.0,10.0,217,30.0,48.0,98,47.0,48.0,0.02
2026-09-25 00:00,0.0,8.0,221,21.0,47.0,98,46.0,47.0,0.0
2026-09-25 01:00,0.0,7.0,218,17.0,47.0,98,46.0,47.0,0.0
2026-09-25 02:00,0.0,8.0,205,18.0,46.0,98,45.0,46.0,0.0
2026-09-25 03:00,0.0,3.0,249,16.0,46.0,99,46.0,46.0,0.01
2026-09-25 04:00,0.0,4.0,221,14.0,45.0,99,45.0,45.0,0.01
2026-09-25 05:00,0.0,4.0,229,15.0,44.0,99,44.0,44.0,0.06
2026-09-25 06:00,0.1,5.0,247,11.0,43.0,99,43.0,43.0,0.01
2026-09-25 07:00,2.2,3.0,243,8.0,43.0,99,43.0,43.0,0.0
2026-09-25 08:00,8.7,3.0,217,9.0,44.0,98,43.0,44.0,0.0
2026-09-25 09:00,24.2,3.0,253,7.0,47.0,96,46.0,46.0,0.0
2026-09-25 10:00,27.0,2.0,256,6.0,46.0,93,44.0,45.0,0.0
2026-09-25 11:00,18.8,3.0,267,5.0,45.0,94,43.0,44.0,0.0
2026-09-25 12:00,53.3,1.0,308,6.0,53.0,76,46.0,49.0,0.0
2026-09-25 13:00,36.7,2.0,259,5.0,51.0,83,46.0,48.0,0.0
2026-09-25 14:00,30.9,2.0,268,7.0,51.0,83,46.0,48.0,0.0
2026-09-25 15:00,47.5,1.0,281,6.0,54.0,78,47.0,50.0,0.0
2026-09-25 16:00,18.1,3.0,272,7.0,49.0,86,45.0,47.0,0.0
2026-09-25 17:00,5.6,0.0,345,5.0,47.0,93,45.0,46.0,0.0
2026-09-25 18:00,1.1,0.0,257,4.0,46.0,96,45.0,45.0,0.0
2026-09-25 19:00,0.0,1.0,21,7.0,45.0,98,44.0,45.0,0.0
2026-09-25 20:00,0.0,2.0,37,8.0,45.0,98,44.0,45.0,0.0
2026-09-25 21:00,0.0,3.0,43,11.0,44.0,98,43.0,44.0,0.0
2026-09-25 22:00,0.0,4.0,45,14.0,44.0,98,43.0,44.0,0.0
2026-09-25 23:00,0.0,4.0,44,14.0,44.0,98,43.0,44.0,0.0
2026-09-26 00:00,0.0,4.0,29,8.0,43.0,99,43.0,43.0,0.0
2026-09-26 01:00,0.0,6.0,41,13.0,42.0,99,42.0,42.0,0.0
2026-09-26 02:00,0.0,4.0,46,14.0,42.0,99,42.0,42.0,0.0
2026-09-26 03:00,0.0,5.0,54,13.0,42.0,99,42.0,42.0,0.0
2026-09-26 04:00,0.0,5.0,54,14.0,41.0,99,41.0,41.0,0.0
2026-09-26 05:00,0.0,8.0,43,15.0,41.0,99,41.0,41.0,0.0
2026-09-26 06:00,0.1,6.0,45,17.0,40.0,99,40.0,40.0,0.0
2026-09-26 07:00,4.4,5.0,42,13.0,42.0,99,42.0,42.0,0.0
2026-09-26 08:00,18.4,2.0,61,11.0,47.0,94,45.0,46.0,0.0
2026-09-26 09:00,34.1,2.0,89,7.0,53.0,81,47.0,50.0,0.0
2026-09-26 10:00,49.1,3.0,91,8.0,54.0,76,47.0,50.0,0.0
2026-09-26 11:00,59.2,3.0,91,9.0,56.0,72,47.0,51.0,0.0
2026-09-26 12:00,65.4,2.0,168,9.0,59.0,66,48.0,52.0,0.0
2026-09-26 13:00,62.4,2.0,31,6.0,59.0,68,48.0,53.0,0.0
2026-09-26 14:00,57.5,5.0,37,9.0,57.0,68,47.0,51.0,0.0
2026-09-26 15:00,32.8,6.0,35,9.0,51.0,71,42.0,46.0,0.0
2026-09-26 16:00,35.8,3.0,26,9.0,53.0,70,43.0,48.0,0.0
2026-09-26 17:00,12.9,7.0,34,9.0,48.0,81,42.0,45.0,0.0
2026-09-26 18:00,1.9,8.0,43,12.0,50.0,62,38.0,43.0,0.0
2026-09-26 19:00,0.0,7.0,42,12.0,51.0,75,43.0,47.0,0.0
2026-09-26 20:00,0.0,6.0,49,12.0,53.0,60,39.0,46.0,0.0
2026-09-26 21:00,0.0,7.0,45,12.0,53.0,62,40.0,46.0,0.0
2026-09-26 22:00,0.0,6.0,37,11.0,52.0,73,44.0,47.0,0.0
2026-09-26 23:00,0.0,4.0,71,7.0,51.0,77,44.0,47.0,0.0
2026-09-27 00:00,0.0,4.0,84,6.0,51.0,81,45.0,48.0,0.0
2026-09-27 01:00,0.0,2.0,79,6.0,52.0,73,44.0,47.0,0.0
2026-09-27 02:00,0.0,1.0,62,5.0,53.0,68,43.0,47.0,0.0
2026-09-27 03:00,0.0,0.0,330,3.0,51.0,76,44.0,47.0,0.0
2026-09-27 04:00,0.0,2.0,43,4.0,48.0,89,45.0,46.0,0.0
2026-09-27 05:00,0.0,2.0,343,5.0,48.0,92,46.0,47.0,0.0
2026-09-27 06:00,0.1,1.0,314,4.0,47.0,95,46.0,46.0,0.0
2026-09-27 07:00,1.8,3.0,42,8.0,49.0,91,46.0,48.0,0.0
2026-09-27 08:00,19.1,3.0,15,6.0,51.0,88,48.0,49.0,0.0
2026-09-27 09:00,33.3,4.0,32,8.0,54.0,76,47.0,50.0,0.0
2026-09-27 10:00,49.4,4.0,31,8.0,58.0,57,43.0,49.0,0.0
2026-09-27 11:00,55.1,3.0,7,9.0,60.0,54,43.0,50.0,0.0
2026-09-27 12:00,65.3,2.0,12,7.0,59.0,59,45.0,51.0,0.0
2026-09-27 13:00,62.2,2.0,292,7.0,61.0,55,45.0,51.0,0.0
2026-09-27 14:00,67.0,3.0,275,9.0,62.0,50,43.0,51.0,0.0
2026-09-27 15:00,43.8,2.0,285,5.0,61.0,49,42.0,50.0,0.0
2026-09-27 16:00,39.0,1.0,281,6.0,62.0,46,41.0,50.0,0.0
2026-09-27 17:00,19.2,1.0,274,7.0,58.0,53,41.0,48.0,0.0
2026-09-27 18:00,1.1,3.0,37,8.0,50.0,68,40.0,45.0,0.0
2026-09-27 19:00,0.0,3.0,45,8.0,48.0,73,40.0,44.0,0.0
2026-09-27 20:00,0.0,1.0,273,6.0,46.0,84,41.0,44.0,0.0
2026-09-27 21:00,0.0,2.0,271,5.0,46.0,93,44.0,45.0,0.0
2026-09-27 22:00,0.0,1.0,309,3.0,45.0,94,43.0,44.0,0.0
2026-09-27 23:00,0.0,1.0,278,3.0,44.0,95,43.0,43.0,0.0
2026-09-28 00:00,0.0,5.0,44,8.0,43.0,95,42.0,42.0,0.0
2026-09-28 01:00,0.0,7.0,44,15.0,45.0,81,40.0,42.0,0.0
2026-09-28 02:00,0.0,7.0,45,14.0,46.0,72,37.0,42.0,0.0
2026-09-28 03:00,0.0,2.0,322,9.0,43.0,89,40.0,41.0,0.0
2026-09-28 04:00,0.0,2.0,307,5.0,43.0,92,41.0,42.0,0.0
2026-09-28 05:00,0.0,5.0,30,8.0,42.0,94,40.0,41.0,0.0
2026-09-28 06:00,0.1,6.0,47,18.0,45.0,78,39.0,42.0,0.0
2026-09-28 07:00,1.7,6.0,47,15.0,49.0,63,37.0,43.0,0.0
2026-09-28 08:00,18.3,7.0,46,13.0,53.0,55,37.0,45.0,0.0
2026-09-28 09:00,33.8,3.0,40,10.0,56.0,52,39.0,47.0,0.0
2026-09-28 10:00,47.5,4.0,33,8.0,57.0,53,40.0,48.0,0.0
2026-09-28 11:00,57.4,5.0,44,12.0,60.0,46,39.0,48.0,0.0
2026-09-28 12:00,63.2,3.0,26,11.0,61.0,46,40.0,49.0,0.0
2026-09-28 13:00,64.3,0.0,299,6.0,64.0,44,42.0,51.0,0.0
2026-09-28 14:00,59.9,2.0,297,6.0,63.0,43,40.0,50.0,0.0
2026-09-28 15:00,51.3,1.0,282,8.0,65.0,41,41.0,51.0,0.0
2026-09-28 16:00,37.7,0.0,310,7.0,65.0,40,40.0,51.0,0.0
2026-09-28 17:00,19.0,1.0,237,5.0,61.0,44,39.0,49.0,0.0
2026-09-28 18:00,0.9,3.0,37,8.0,52.0,56,37.0,44.0,0.0
2026-09-28 19:00,0.0,2.0,25,7.0,49.0,60,36.0,42.0,0.0
2026-09-28 20:00,0.0,1.0,264,8.0,49.0,58,35.0,42.0,0.0
2026-09-28 21:00,0.0,4.0,28,6.0,48.0,75,40.0,44.0,0.0
2026-09-28 22:00,0.0,3.0,1,7.0,48.0,71,39.0,43.0,0.0
2026-09-28 23:00,0.0,1.0,349,9.0,48.0,82,43.0,45.0,0.0
2026-09-29 00:00,0.0,2.0,20,8.0,49.0,69,39.0,44.0,0.0
2026-09-29 01:00,0.0,6.0,38,9.0,50.0,61,37.0,43.0,0.0
2026-09-29 02:00,0.0,3.0,58,8.0,51.0,52,34.0,42.0,0.0
2026-09-29 03:00,0.0,4.0,43,9.0,52.0,25,17.0,38.0,0.0
2026-09-29 04:00,0.0,4.0,57,9.0,51.0,28,19.0,38.0,0.0
2026-09-29 05:00,0.0,2.0,27,8.0,53.0,30,22.0,39.0,0.0
2026-09-29 06:00,0.1,4.0,61,7.0,52.0,35,25.0,40.0,0.0
2026-09-29 07:00,1.7,2.0,67,5.0,54.0,35,27.0,41.0,0.0
2026-09-29 08:00,17.3,1.0,2,5.0,61.0,31,30.0,45.0,0.0
2026-09-29 09:00,32.7,0.0,305,4.0,62.0,34,33.0,47.0,0.0
2026-09-29 10:00,45.9,1.0,292,5.0,63.0,30,31.0,47.0,0.0
2026-09-29 11:00,55.8,1.0,313,6.0,63.0,40,38.0,49.0,0.0
2026-09-29 12:00,61.4,2.0,9,6.0,64.0,36,37.0,49.0,0.0
2026-09-29 13:00,62.4,1.0,43,6.0,67.0,38,41.0,52.0,0.0
2026-09-29 14:00,58.2,2.0,277,8.0,67.0,39,41.0,52.0,0.0
2026-09-29 15:00,49.4,1.0,276,6.0,68.0,38,41.0,53.0,0.0
2026-09-29 16:00,36.0,1.0,291,4.0,68.0,39,42.0,53.0,0.0
2026-09-29 17:00,18.9,1.0,260,4.0,64.0,49,44.0,52.0,0.0
2026-09-29 18:00,0.9,1.0,270,6.0,56.0,71,47.0,51.0,0.0
2026-09-29 19:00,0.0,4.0,22,7.0,53.0,84,48.0,50.0,0.0
2026-09-29 20:00,0.0,4.0,42,8.0,52.0,94,50.0,51.0,0.0
2026-09-29 21:00,0.0,4.0,21,7.0,52.0,97,51.0,51.0,0.0
2026-09-29 22:00,0.0,3.0,350,6.0,52.0,98,51.0,52.0,0.0
2026-09-29 23:00,0.0,3.0,19,7.0,51.0,99,51.0,51.0,0.0
2026-09-30 00:00,0.0,5.0,34,10.0,51.0,99,51.0,51.0,0.0
2026-09-30 01:00,0.0,7.0,39,12.0,52.0,93,50.0,51.0,0.0
2026-09-30 02:00,0.0,4.0,13,13.0,52.0,90,49.0,50.0,0.0
2026-09-30 03:00,0.0,4.0,15,12.0,51.0,90,48.0,49.0,0.0
2026-09-30 04:00,0.0,2.0,2,9.0,51.0,95,50.0,50.0,0.0
2026-09-30 05:00,0.0,5.0,24,13.0,52.0,91,49.0,50.0,0.0
2026-09-30 06:00,0.1,5.0,41,10.0,51.0,93,49.0,50.0,0.0
2026-09-30 07:00,1.7,6.0,36,16.0,55.0,78,48.0,51.0,0.0
2026-09-30 08:00,20.0,4.0,37,13.0,57.0,73,48.0,52.0,0.0
2026-09-30 09:00,33.1,7.0,45,15.0,63.0,64,51.0,55.0,0.0
2026-09-30 10:00,46.3,4.0,41,14.0,67.0,57,51.0,57.0,0.0
2026-09-30 11:00,56.2,5.0,35,12.0,69.0,52,51.0,57.0,0.0
2026-09-30 12:00,61.9,4.0,45,12.0,70.0,49,50.0,57.0,0.0
2026-09-30 13:00,63.0,1.0,281,10.0,68.0,56,52.0,58.0,0.0
2026-09-30 14:00,55.7,3.0,266,7.0,68.0,59,53.0,58.0,0.0
2026-09-30 15:00,47.8,2.0,275,8.0,68.0,58,53.0,58.0,0.0
2026-09-30 16:00,36.7,3.0,263,6.0,67.0,55,50.0,57.0,0.0
2026-09-30 17:00,18.9,3.0,267,7.0,62.0,67,51.0,55.0,0.0
2026-09-30 18:00,1.2,2.0,279,5.0,56.0,85,52.0,53.0,0.0
2026-09-30 19:00,0.0,2.0,276,7.0,55.0,95,54.0,54.0,0.0
2026-09-30 20:00,0.0,2.0,287,5.0,55.0,97,54.0,54.0,0.0
2026-09-30 21:00,0.0,4.0,35,8.0,53.0,98,52.0,53.0,0.0
2026-09-30 22:00,0.0,3.0,17,7.0,53.0,98,52.0,53.0,0.0
2026-09-30 23:00,0.0,3.0,2,7.0,52.0,99,52.0,52.0,0.0
2026-10-01 00:00,0.0,3.0,4,12.0,51.0,99,51.0,51.0,0.0
2026-10-01 01:00,0.0,8.0,37,16.0,52.0,99,52.0,52.0,0.0
2026-10-01 02:00,0.0,2.0,353,11.0,52.0,99,52.0,52.0,0.0
2026-10-01 03:00,0.0,8.0,38,16.0,54.0,98,53.0,54.0,0.0
2026-10-01 04:00,0.0,8.0,40,18.0,55.0,92,53.0,54.0,0.0
2026-10-01 05:00,0.0,8.0,43,18.0,56.0,83,51.0,53.0,0.0
2026-10-01 06:00,0.1,8.0,43,19.0,56.0,73,47.0,51.0,0.0
2026-10-01 07:00,2.4,8.0,53,20.0,59.0,71,50.0,53.0,0.0
2026-10-01 08:00,17.5,4.0,60,13.0,65.0,61,51.0,56.0,0.0
2026-10-01 09:00,33.2,1.0,98,9.0,71.0,51,52.0,59.0,0.0
2026-10-01 10:00,42.3,3.0,94,9.0,70.0,54,53.0,59.0,0.0
2026-10-01 11:00,54.3,2.0,267,4.0,72.0,53,54.0,60.0,0.0
2026-10-01 12:00,58.3,3.0,15,6.0,67.0,55,50.0,57.0,0.0
2026-10-01 13:00,60.6,2.0,9,7.0,68.0,55,51.0,57.0,0.0
2026-10-01 14:00,58.4,2.0,280,7.0,68.0,59,53.0,58.0,0.0
2026-10-01 15:00,49.2,2.0,275,5.0,69.0,59,54.0,59.0,0.0
2026-10-01 16:00,36.0,3.0,263,6.0,67.0,60,53.0,58.0,0.0
2026-10-01 17:00,18.8,3.0,336,6.0,64.0,63,51.0,56.0,0.0
2026-10-01 18:00,0.9,3.0,353,6.0,57.0,73,48.0,52.0,0.0
2026-10-01 19:00,0.0,3.0,358,6.0,56.0,73,47.0,51.0,0.0
2026-10-01 20:00,0.0,4.0,18,7.0,56.0,65,44.0,49.0,0.0
2026-10-01 21:00,0.0,3.0,29,8.0,55.0,70,45.0,49.0,0.0
2026-10-01 22:00,0.0,7.0,50,12.0,60.0,74,52.0,55.0,0.0
2026-10-01 23:00,0.0,7.0,30,11.0,57.0,73,48.0,52.0,0.0
2026-10-02 00:00,0.0,7.0,38,10.0,59.0,70,49.0,53.0,0.0
2026-10-02 01:00,0.0,6.0,39,10.0,54.0,78,47.0,50.0,0.0
2026-10-02 02:00,0.0,3.0,39,9.0,55.0,75,47.0,50.0,0.0
2026-10-02 03:00,0.0,3.0,44,7.0,58.0,70,48.0,52.0,0.0
2026-10-02 04:00,0.0,6.0,40,10.0,60.0,63,47.0,52.0,0.0
2026-10-02 05:00,0.0,3.0,27,10.0,57.0,77,50.0,53.0,0.0
2026-10-02 06:00,0.0,7.0,41,12.0,59.0,57,44.0,50.0,0.0
2026-10-02 07:00,2.3,6.0,43,12.0,60.0,60,46.0,52.0,0.0
2026-10-02 08:00,16.3,4.0,41,11.0,61.0,69,51.0,55.0,0.0
2026-10-02 09:00,33.2,5.0,48,11.0,65.0,65,53.0,57.0,0.0
2026-10-02 10:00,48.8,4.0,50,10.0,67.0,55,50.0,57.0,0.0
2026-10-02 11:00,59.1,1.0,197,8.0,71.0,53,53.0,59.0,0.0
2026-10-02 12:00,65.8,1.0,222,7.0,74.0,48,53.0,60.0,0.0
2026-10-02 13:00,65.0,2.0,58,7.0,76.0,40,50.0,59.0,0.0
2026-10-02 14:00,59.2,2.0,20,6.0,74.0,45,51.0,59.0,0.0
2026-10-02 15:00,49.4,1.0,286,6.0,74.0,36,45.0,57.0,0.0
2026-10-02 16:00,36.0,2.0,263,5.0,71.0,44,48.0,57.0,0.0
2026-10-02 17:00,19.0,1.0,320,6.0,70.0,43,46.0,56.0,0.0
2026-10-02 18:00,0.9,3.0,44,6.0,61.0,60,47.0,53.0,0.0
2026-10-02 19:00,0.0,8.0,35,13.0,61.0,64,49.0,54.0,0.0
2026-10-02 20:00,0.0,8.0,29,13.0,60.0,68,49.0,54.0,0.0
2026-10-02 21:00,0.0,9.0,31,13.0,59.0,74,51.0,54.0,0.0
2026-10-02 22:00,0.0,8.0,36,13.0,59.0,71,50.0,53.0,0.0
2026-10-02 23:00,0.0,4.0,58,11.0,59.0,62,46.0,51.0,0.0
2026-10-03 00:00,0.0,5.0,78,9.0,59.0,69,49.0,53.0,0.0
2026-10-03 01:00,0.0,4.0,85,8.0,61.0,51,43.0,51.0,0.0
2026-10-03 02:00,0.0,3.0,124,7.0,63.0,51,45.0,52.0,0.0
2026-10-03 03:00,0.0,2.0,131,5.0,64.0,49,44.0,52.0,0.0
2026-10-03 04:00,0.0,4.0,78,5.0,64.0,50,45.0,53.0,0.0
2026-10-03 05:00,0.0,4.0,93,6.0,62.0,54,45.0,52.0,0.0
2026-10-03 06:00,0.1,2.0,102,5.0,62.0,54,45.0,52.0,0.0
2026-10-03 07:00,1.8,2.0,176,5.0,66.0,47,45.0,54.0,0.0
2026-10-03 08:00,16.9,1.0,98,5.0,72.0,49,52.0,59.0,0.0
2026-10-03 09:00,32.6,5.0,135,12.0,75.0,34,45.0,57.0,0.0
2026-10-03 10:00,46.3,4.0,154,13.0,75.0,39,48.0,58.0,0.0
2026-10-03 11:00,56.3,4.0,187,11.0,78.0,34,47.0,59.0,0.0
2026-10-03 12:00,62.0,5.0,200,11.0,79.0,30,45.0,58.0,0.0
2026-10-03 13:00,62.6,4.0,209,10.0,82.0,29,47.0,60.0,0.0
2026-10-03 14:00,57.7,1.0,301,8.0,84.0,30,49.0,62.0,0.0
2026-10-03 15:00,48.3,1.0,7,7.0,83.0,34,52.0,63.0,0.0
2026-10-03 16:00,35.2,2.0,4,5.0,79.0,41,53.0,62.0,0.0
2026-10-03 17:00,18.5,2.0,12,5.0,75.0,48,54.0,61.0,0.0
2026-10-03 18:00,0.9,0.0,1,4.0,68.0,51,49.0,56.0,0.0
2026-10-03 19:00,0.0,3.0,5,4.0,68.0,47,47.0,55.0,0.0
2026-10-03 20:00,0.0,2.0,89,4.0,68.0,47,47.0,55.0,0.0
2026-10-03 21:00,0.0,4.0,83,5.0,68.0,47,47.0,55.0,0.0
2026-10-03 22:00,0.0,5.0,84,6.0,68.0,44,45.0,54.0,0.0
2026-10-03 23:00,0.0,4.0,93,6.0,67.0,44,44.0,54.0,0.0
2026-10-04 00:00,0.0,4.0,125,6.0,69.0,37,42.0,53.0,0.0
2026-10-04 01:00,0.0,3.0,157,5.0,71.0,34,41.0,54.0,0.0
2026-10-04 02:00,0.0,3.0,177,6.0,69.0,38,42.0,53.0,0.0
2026-10-04 03:00,0.0,6.0,163,12.0,70.0,37,43.0,54.0,0.0
2026-10-04 04:00,0.0,7.0,165,13.0,70.0,35,41.0,53.0,0.0
2026-10-04 05:00,0.0,8.0,169,13.0,71.0,34,41.0,54.0,0.0
2026-10-04 06:00,0.0,4.0,169,11.0,70.0,33,40.0,53.0,0.0
2026-10-04 07:00,1.7,6.0,173,12.0,73.0,30,40.0,54.0,0.0
2026-10-04 08:00,15.7,7.0,168,13.0,75.0,30,41.0,55.0,0.0
2026-10-04 09:00,31.8,6.0,184,12.0,76.0,28,41.0,55.0,0.0
2026-10-04 10:00,45.5,4.0,175,12.0,78.0,29,43.0,57.0,0.0
2026-10-04 11:00,52.7,4.0,199,11.0,80.0,25,41.0,57.0,0.0
2026-10-04 12:00,45.3,4.0,213,11.0,80.0,26,42.0,57.0,0.0
2026-10-04 13:00,41.4,3.0,204,10.0,79.0,30,45.0,58.0,0.0
2026-10-04 14:00,34.1,2.0,234,8.0,79.0,30,45.0,58.0,0.0
2026-10-04 15:00,24.1,1.0,309,5.0,78.0,35,48.0,59.0,0.0
2026-10-04 16:00,31.7,1.0,305,5.0,79.0,38,51.0,61.0,0.0
2026-10-04 17:00,14.9,1.0,3,3.0,77.0,36,48.0,59.0,0.0
2026-10-04 18:00,2.1,1.0,180,3.0,72.0,40,46.0,56.0,0.0
2026-10-04 19:00,0.0,3.0,123,4.0,71.0,38,44.0,55.0,0.0
2026-10-04 20:00,0.0,3.0,133,4.0,71.0,37,43.0,55.0,0.0
2026-10-04 21:00,0.0,3.0,133,4.0,70.0,38,43.0,54.0,0.0
2026-10-04 22:00,0.0,3.0,123,6.0,70.0,38,43.0,54.0,0.0
2026-10-04 23:00,0.0,1.0,151,4.0,69.0,39,43.0,54.0,0.0
2026-10-05 00:00,0.0,2.0,198,3.0,68.0,43,45.0,54.0,0.0
2026-10-05 01:00,0.0,3.0,190,5.0,68.0,46,46.0,55.0,0.0
2026-10-05 02:00,0.0,3.0,178,6.0,67.0,47,46.0,54.0,0.0
2026-10-05 03:00,0.0,2.0,231,6.0,65.0,51,46.0,54.0,0.0
2026-10-05 04:00,0.0,2.0,192,6.0,67.0,43,44.0,53.0,0.0
2026-10-05 05:00,0.0,2.0,207,5.0,66.0,47,45.0,54.0,0.0
2026-10-05 06:00,0.0,3.0,215,4.0,66.0,45,44.0,53.0,0.0
2026-10-05 07:00,1.9,3.0,214,5.0,66.0,46,45.0,53.0,0.0
2026-10-05 08:00,15.2,0.0,325,3.0,71.0,45,49.0,57.0,0.0
2026-10-05 09:00,31.1,1.0,7,3.0,73.0,43,49.0,58.0,0.0
2026-10-05 10:00,44.6,1.0,342,5.0,75.0,43,51.0,60.0,0.0
2026-10-05 11:00,54.4,2.0,122,5.0,76.0,45,53.0,61.0,0.0
2026-10-05 12:00,59.3,2.0,2,6.0,76.0,43,52.0,60.0,0.0
2026-10-05 13:00,60.2,2.0,346,6.0,76.0,41,51.0,60.0,0.0
2026-10-05 14:00,56.3,1.0,319,6.0,77.0,42,52.0,61.0,0.0
2026-10-05 15:00,47.3,1.0,268,5.0,77.0,33,46.0,58.0,0.0
2026-10-05 16:00,34.1,3.0,258,6.0,74.0,37,46.0,57.0,0.0
2026-10-05 17:00,17.8,1.0,280,6.0,69.0,44,46.0,55.0,0.0
2026-10-05 18:00,0.7,4.0,26,9.0,62.0,47,42.0,50.0,0.0
2026-10-05 19:00,0.0,3.0,7,7.0,62.0,47,42.0,50.0,0.0
2026-10-05 20:00,0.0,3.0,26,10.0,60.0,51,42.0,50.0,0.0
2026-10-05 21:00,0.0,4.0,36,9.0,60.0,56,44.0,51.0,0.0
2026-10-05 22:00,0.0,8.0,39,14.0,60.0,56,44.0,51.0,0.0
2026-10-05 23:00,0.0,7.0,38,12.0,60.0,50,41.0,49.0,0.0
2026-10-06 00:00,0.0,8.0,41,12.0,58.0,59,44.0,50.0,0.0
2026-10-06 01:00,0.0,6.0,49,12.0,62.0,42,39.0,49.0,0.0
2026-10-06 02:00,0.0,5.0,47,11.0,62.0,45,40.0,50.0,0.0
2026-10-06 03:00,0.0,6.0,47,11.0,63.0,48,43.0,51.0,0.0
2026-10-06 04:00,0.0,5.0,48,11.0,62.0,54,45.0,52.0,0.0
2026-10-06 05:00,0.0,7.0,48,13.0,63.0,46,42.0,51.0,0.0
2026-10-06 06:00,0.0,7.0,48,11.0,64.0,31,33.0,48.0,0.0
2026-10-06 07:00,1.7,5.0,52,13.0,65.0,46,44.0,53.0,0.0
2026-10-06 08:00,13.8,4.0,59,10.0,69.0,43,46.0,55.0,0.0
2026-10-06 09:00,31.4,3.0,75,8.0,73.0,39,47.0,57.0,0.0
2026-10-06 10:00,44.8,2.0,114,7.0,75.0,32,43.0,56.0,0.0
2026-10-06 11:00,54.5,0.0,342,6.0,77.0,35,47.0,58.0,0.0
2026-10-06 12:00,59.6,2.0,207,5.0,77.0,36,48.0,59.0,0.0
2026-10-06 13:00,59.9,1.0,340,6.0,78.0,32,46.0,58.0,0.0
2026-10-06 14:00,55.6,3.0,1,5.0,77.0,30,43.0,57.0,0.0
2026-10-06 15:00,46.4,1.0,5,7.0,77.0,36,48.0,59.0,0.0
2026-10-06 16:00,,,,,,,,,
2026-10-06 17:00,,,,,,,,,
2026-10-06 18:00,,,,,,,,,
2026-10-06 19:00,,,,,,,,,
2026-10-06 20:00,,,,,,,,,
2026-10-06 21:00,,,,,,,,,
2026-10-06 22:00,,,,,,,,,
2026-10-06 23:00,,,,,,,,,
2026-10-07 00:00,,,,,,,,,
